https://iipc-collections.bibalex.org/linkgate/olympics2020,2020 Summer Olympics and Paralympics [held in 2021]
https://iipc-collections.bibalex.org/linkgate/olympics2022,2022 Winter Olympics and Paralympics
https://iipc-collections.bibalex.org/linkgate/afghan2021,Afghanistan Regime Change (2021) and the International Response
https://iipc-collections.bibalex.org/linkgate/climate-change,Climate Change
https://iipc-collections.bibalex.org/linkgate/intergov,Intergovernmental Organizations
https://iipc-collections.bibalex.org/linkgate/olympic-com,National Olympic and Paralympic Committees
https://iipc-collections.bibalex.org/linkgate/covid-19,Novel Coronavirus (COVID-19)
https://iipc-collections.bibalex.org/linkgate/news,Online News Around the World
https://iipc-collections.bibalex.org/linkgate/olympics2010,2010 Winter Olympics
https://iipc-collections.bibalex.org/linkgate/olympics2012,2012 Summer Olympics
https://iipc-collections.bibalex.org/linkgate/paralympics2012,2012 Summer Paralympics
https://iipc-collections.bibalex.org/linkgate/olympics2014,2014 Winter Olympics
https://iipc-collections.bibalex.org/linkgate/paralympics2014,2014 Winter Paralympics
https://iipc-collections.bibalex.org/linkgate/olympics2016,2016 Summer Olympics and Paralympics
https://iipc-collections.bibalex.org/linkgate/olympics2018,2018 Winter Olympics and Paralympics
https://iipc-collections.bibalex.org/linkgate/ai,Artificial Intelligence
https://iipc-collections.bibalex.org/linkgate/eu-refugee,European Refugee Crisis
https://iipc-collections.bibalex.org/linkgate/wwi,World War I Commemoration
