https://iipc-collections.bibalex.org/solrwayback/olympics2020,2020 Summer Olympics and Paralympics [held in 2021]
https://iipc-collections.bibalex.org/solrwayback/olympics2022,2022 Winter Olympics and Paralympics
https://iipc-collections.bibalex.org/solrwayback/afghan2021,Afghanistan Regime Change (2021) and the International Response
https://iipc-collections.bibalex.org/solrwayback/climate-change,Climate Change
https://iipc-collections.bibalex.org/solrwayback/intergov,Intergovernmental Organizations
https://iipc-collections.bibalex.org/solrwayback/olympic-com,National Olympic and Paralympic Committees
https://iipc-collections.bibalex.org/solrwayback/covid-19,Novel Coronavirus (COVID-19)
https://iipc-collections.bibalex.org/solrwayback/news,Online News Around the World
https://iipc-collections.bibalex.org/solrwayback/olympics2010,2010 Winter Olympics
https://iipc-collections.bibalex.org/solrwayback/olympics2012,2012 Summer Olympics
https://iipc-collections.bibalex.org/solrwayback/paralympics2012,2012 Summer Paralympics
https://iipc-collections.bibalex.org/solrwayback/olympics2014,2014 Winter Olympics
https://iipc-collections.bibalex.org/solrwayback/paralympics2014,2014 Winter Paralympics
https://iipc-collections.bibalex.org/solrwayback/olympics2016,2016 Summer Olympics and Paralympics
https://iipc-collections.bibalex.org/solrwayback/olympics2018,2018 Winter Olympics and Paralympics
https://iipc-collections.bibalex.org/solrwayback/ai,Artificial Intelligence
https://iipc-collections.bibalex.org/solrwayback/eu-refugee,European Refugee Crisis
https://iipc-collections.bibalex.org/solrwayback/wwi,World War I Commemoration
